Date,Aircraft,Registration,Category,Route,Duty Position,Mission,Sorties,Combat,Combat Sorties,Day,Day System,Night System,Night Goggles,Dual Received (Student),SIC,PIC,Instructor,Taxi,Total w/o Other,Civ Other,Total w/ Other,Solo,Night,Act Inst,Sim Inst,X-Country,XC Instruction Received,XC Solo,XC PIC,XC SIC,Day T/O,Day Ldg,Night T/O,Night Ldg,Instrument Approaches,Remarks
10/04/2017,TH-67A,0067908,Rotorcraft,"",PI,T,1,0.0,0.0,1.2,0.0,0.0,0.0,0.0,1.2,0.0,0.0,0.0,1.2,0.0,1.2,0.0,0.0,0.0,0.0,1.2,0.0,0.0,0.0,1.2,0,1,0,0,0,
10/05/2017,TH-67A,0067908,Rotorcraft,"",PI,T,1,0.0,0.0,1.2,0.0,0.0,0.0,0.0,1.2,0.0,0.0,0.0,1.2,0.0,1.2,0.0,0.0,0.0,0.0,1.2,0.0,0.0,0.0,1.2,0,1,0,0,0,
10/06/2017,TH-67A,0067848,Rotorcraft,"",PI,T,1,0.0,0.0,1.2,0.0,0.0,0.0,0.0,1.2,0.0,0.0,0.0,1.2,0.0,1.2,0.0,0.0,0.0,0.0,1.2,0.0,0.0,0.0,1.2,0,1,0,0,0,
10/10/2017,TH-67A,0067848,Rotorcraft,"",PI,T,1,0.0,0.0,1.2,0.0,0.0,0.0,0.0,1.2,0.0,0.0,0.0,1.2,0.0,1.2,0.0,0.0,0.0,0.0,1.2,0.0,0.0,0.0,1.2,0,1,0,0,0,
10/11/2017,TH-67A,0067848,Rotorcraft,"",PI,T,1,0.0,0.0,1.2,0.0,0.0,0.0,0.0,1.2,0.0,0.0,0.0,1.2,0.0,1.2,0.0,0.0,0.0,0.0,1.2,0.0,0.0,0.0,1.2,0,1,0,0,0,
10/12/2017,TH-67A,0067761,Rotorcraft,"",PI,T,1,0.0,0.0,1.5,0.0,0.0,0.0,0.0,1.5,0.0,0.0,0.0,1.5,0.0,1.5,0.0,0.0,0.0,0.0,1.5,0.0,0.0,0.0,1.5,0,1,0,0,0,
10/13/2017,TH-67A,0067572,Rotorcraft,"",PI,T,1,0.0,0.0,1.5,0.0,0.0,0.0,0.0,1.5,0.0,0.0,0.0,1.5,0.0,1.5,0.0,0.0,0.0,0.0,1.5,0.0,0.0,0.0,1.5,0,1,0,0,0,
10/16/2017,TH-67A,0067814,Rotorcraft,"",PI,T,1,0.0,0.0,1.2,0.0,0.0,0.0,0.0,1.2,0.0,0.0,0.0,1.2,0.0,1.2,0.0,0.0,0.0,0.0,1.2,0.0,0.0,0.0,1.2,0,1,0,0,0,
10/17/2017,TH-67A,0067814,Rotorcraft,"",PI,T,1,0.0,0.0,1.2,0.0,0.0,0.0,0.0,1.2,0.0,0.0,0.0,1.2,0.0,1.2,0.0,0.0,0.0,0.0,1.2,0.0,0.0,0.0,1.2,0,1,0,0,0,
10/18/2017,TH-67A,0067814,Rotorcraft,"",PI,T,1,0.0,0.0,1.2,0.0,0.0,0.0,0.0,1.2,0.0,0.0,0.0,1.2,0.0,1.2,0.0,0.0,0.0,0.0,1.2,0.0,0.0,0.0,1.2,0,1,0,0,0,
10/19/2017,TH-67A,0067872,Rotorcraft,"",PI,T,1,0.0,0.0,1.2,0.0,0.0,0.0,0.0,1.2,0.0,0.0,0.0,1.2,0.0,1.2,0.0,0.0,0.0,0.0,1.2,0.0,0.0,0.0,1.2,0,1,0,0,0,
10/20/2017,TH-67A,0067848,Rotorcraft,"",PI,T,1,0.0,0.0,1.2,0.0,0.0,0.0,0.0,1.2,0.0,0.0,0.0,1.2,0.0,1.2,0.0,0.0,0.0,0.0,1.2,0.0,0.0,0.0,1.2,0,1,0,0,0,
10/23/2017,TH-67A,0067962,Rotorcraft,"",PI,T,1,0.0,0.0,1.2,0.0,0.0,0.0,0.0,1.2,0.0,0.0,0.0,1.2,0.0,1.2,0.0,0.0,0.0,0.0,1.2,0.0,0.0,0.0,1.2,0,1,0,0,0,
10/24/2017,TH-67A,0067873,Rotorcraft,"",PI,T,1,0.0,0.0,1.2,0.0,0.0,0.0,0.0,1.2,0.0,0.0,0.0,1.2,0.0,1.2,0.0,0.0,0.0,0.0,1.2,0.0,0.0,0.0,1.2,0,1,0,0,0,
10/25/2017,TH-67A,0067176,Rotorcraft,"",PI,T,1,0.0,0.0,1.5,0.0,0.0,0.0,0.0,1.5,0.0,0.0,0.0,1.5,0.0,1.5,0.0,0.0,0.0,0.0,1.5,0.0,0.0,0.0,1.5,0,1,0,0,0,
10/26/2017,TH-67A,0067442,Rotorcraft,"",PI,T,1,0.0,0.0,1.2,0.0,0.0,0.0,0.0,1.2,0.0,0.0,0.0,1.2,0.0,1.2,0.0,0.0,0.0,0.0,1.2,0.0,0.0,0.0,1.2,0,1,0,0,0,
10/28/2017,TH-67A,0067862,Rotorcraft,"",PI,T,1,0.0,0.0,1.3,0.0,0.0,0.0,0.0,1.3,0.0,0.0,0.0,1.3,0.0,1.3,0.0,0.0,0.0,0.0,1.3,0.0,0.0,0.0,1.3,0,1,0,0,0,
10/30/2017,TH-67A,0067176,Rotorcraft,"",PI,T,1,0.0,0.0,1.4,0.0,0.0,0.0,0.0,1.4,0.0,0.0,0.0,1.4,0.0,1.4,0.0,0.0,0.0,0.0,1.4,0.0,0.0,0.0,1.4,0,1,0,0,0,
10/31/2017,TH-67A,0067269,Rotorcraft,"",PI,T,1,0.0,0.0,1.4,0.0,0.0,0.0,0.0,1.4,0.0,0.0,0.0,1.4,0.0,1.4,0.0,0.0,0.0,0.0,1.4,0.0,0.0,0.0,1.4,0,1,0,0,0,
11/01/2017,TH-67A,0091637,Rotorcraft,"",PI,T,1,0.0,0.0,1.0,0.0,0.0,0.0,0.0,1.0,0.0,0.0,0.0,1.0,0.0,1.0,0.0,0.0,0.0,0.0,1.0,0.0,0.0,0.0,1.0,0,1,0,0,0,
11/06/2017,TH-67A,0067001,Rotorcraft,"",PI,T,1,0.0,0.0,1.0,0.0,0.0,0.0,0.0,1.0,0.0,0.0,0.0,1.0,0.0,1.0,0.0,0.0,0.0,0.0,1.0,0.0,0.0,0.0,1.0,0,1,0,0,0,
11/07/2017,TH-67A,0058765,Rotorcraft,"",PI,T,1,0.0,0.0,1.0,0.0,0.0,0.0,0.0,1.0,0.0,0.0,0.0,1.0,0.0,1.0,0.0,0.0,0.0,0.0,1.0,0.0,0.0,0.0,1.0,0,1,0,0,0,
11/08/2017,TH-67A,0058765,Rotorcraft,"",PI,T,1,0.0,0.0,1.0,0.0,0.0,0.0,0.0,1.0,0.0,0.0,0.0,1.0,0.0,1.0,0.0,0.0,0.0,0.0,1.0,0.0,0.0,0.0,1.0,0,1,0,0,0,
11/13/2017,TH-67A,0058765,Rotorcraft,"",PI,T,1,0.0,0.0,1.0,0.0,0.0,0.0,0.0,1.0,0.0,0.0,0.0,1.0,0.0,1.0,0.0,0.0,0.0,0.0,1.0,0.0,0.0,0.0,1.0,0,1,0,0,0,
11/14/2017,TH-67A,0058765,Rotorcraft,"",PI,T,1,0.0,0.0,1.0,0.0,0.0,0.0,0.0,1.0,0.0,0.0,0.0,1.0,0.0,1.0,0.0,0.0,0.0,0.0,1.0,0.0,0.0,0.0,1.0,0,1,0,0,0,
11/15/2017,TH-67A,0067915,Rotorcraft,"",PI,T,1,0.0,0.0,1.0,0.0,0.0,0.0,0.0,1.0,0.0,0.0,0.0,1.0,0.0,1.0,0.0,0.0,0.0,0.0,1.0,0.0,0.0,0.0,1.0,0,1,0,0,0,
11/16/2017,TH-67A,0067001,Rotorcraft,"",PI,T,1,0.0,0.0,0.8,0.0,0.0,0.0,0.0,0.8,0.0,0.0,0.0,0.8,0.0,0.8,0.0,0.0,0.0,0.0,0.0,0.0,0.0,0.0,0.0,0,1,0,0,0,
11/16/2017,TH-67A,0067001,Rotorcraft,"",PI,T,1,0.0,0.0,0.5,0.0,0.0,0.0,0.0,0.5,0.0,0.0,0.0,0.5,0.0,0.5,0.0,0.0,0.0,0.0,0.0,0.0,0.0,0.0,0.0,0,1,0,0,0,
11/17/2017,TH-67A,0067001,Rotorcraft,"",PI,T,1,0.0,0.0,1.6,0.0,0.0,0.0,0.0,1.6,0.0,0.0,0.0,1.6,0.0,1.6,0.0,0.0,0.0,0.0,1.6,0.0,0.0,0.0,1.6,0,1,0,0,0,
11/20/2017,TH-67A,0067242,Rotorcraft,"",PI,T,1,0.0,0.0,1.5,0.0,0.0,0.0,0.0,1.5,0.0,0.0,0.0,1.5,0.0,1.5,0.0,0.0,0.0,0.0,1.5,0.0,0.0,0.0,1.5,0,1,0,0,0,
11/21/2017,TH-67A,0058765,Rotorcraft,"",PI,T,1,0.0,0.0,1.4,0.0,0.0,0.0,0.0,1.4,0.0,0.0,0.0,1.4,0.0,1.4,0.0,0.0,0.0,0.0,1.4,0.0,0.0,0.0,1.4,0,1,0,0,0,
11/27/2017,TH-67A,0058765,Rotorcraft,"",PI,T,1,0.0,0.0,1.4,0.0,0.0,0.0,0.0,1.4,0.0,0.0,0.0,1.4,0.0,1.4,0.0,0.0,0.0,0.0,1.4,0.0,0.0,0.0,1.4,0,1,0,0,0,
11/28/2017,TH-67A,0058765,Rotorcraft,"",PI,T,1,0.0,0.0,1.5,0.0,0.0,0.0,0.0,1.5,0.0,0.0,0.0,1.5,0.0,1.5,0.0,0.0,0.0,0.0,1.5,0.0,0.0,0.0,1.5,0,1,0,0,0,
11/30/2017,TH-67A,0067915,Rotorcraft,"",PI,T,1,0.0,0.0,1.4,0.0,0.0,0.0,0.0,1.4,0.0,0.0,0.0,1.4,0.0,1.4,0.0,0.0,0.0,0.0,1.4,0.0,0.0,0.0,1.4,0,1,0,0,0,
12/04/2017,TH-67A,0058765,Rotorcraft,"",PI,T,1,0.0,0.0,1.3,0.0,0.0,0.0,0.0,1.3,0.0,0.0,0.0,1.3,0.0,1.3,0.0,0.0,0.0,0.0,1.3,0.0,0.0,0.0,1.3,0,1,0,0,0,
12/05/2017,TH-67A,0067130,Rotorcraft,"",PI,T,1,0.0,0.0,1.3,0.0,0.0,0.0,0.0,1.3,0.0,0.0,0.0,1.3,0.0,1.3,0.0,0.0,0.0,0.0,1.3,0.0,0.0,0.0,1.3,0,1,0,0,0,
12/06/2017,TH-67A,0076544,Rotorcraft,"",PI,T,1,0.0,0.0,0.9,0.0,0.0,0.0,0.0,0.9,0.0,0.0,0.0,0.9,0.0,0.9,0.0,0.0,0.0,0.0,0.0,0.0,0.0,0.0,0.0,0,1,0,0,0,
12/07/2017,TH-67A,0067130,Rotorcraft,"",PI,T,1,0.0,0.0,0.3,0.0,0.0,0.0,0.0,0.3,0.0,0.0,0.0,0.3,0.0,0.3,0.0,0.0,0.0,0.0,0.0,0.0,0.0,0.0,0.0,0,1,0,0,0,
12/11/2017,TH-67A,0058765,Rotorcraft,"",PI,T,1,0.0,0.0,1.3,0.0,0.0,0.0,0.0,1.3,0.0,0.0,0.0,1.3,0.0,1.3,0.0,0.0,0.0,0.0,1.3,0.0,0.0,0.0,1.3,0,1,0,0,0,
12/12/2017,TH-67A,0058765,Rotorcraft,"",PI,T,1,0.0,0.0,1.2,0.0,0.0,0.0,0.0,1.2,0.0,0.0,0.0,1.2,0.0,1.2,0.0,0.0,0.0,0.0,1.2,0.0,0.0,0.0,1.2,0,1,0,0,0,
12/13/2017,TH-67A,0058765,Rotorcraft,"",PI,T,1,0.0,0.0,1.0,0.0,0.0,0.0,0.0,1.0,0.0,0.0,0.0,1.0,0.0,1.0,0.0,0.0,0.0,0.0,1.0,0.0,0.0,0.0,1.0,0,1,0,0,0,
12/14/2017,TH-67A,0058765,Rotorcraft,"",PI,T,1,0.0,0.0,1.0,0.0,0.0,0.0,0.0,1.0,0.0,0.0,0.0,1.0,0.0,1.0,0.0,0.0,0.0,0.0,1.0,0.0,0.0,0.0,1.0,0,1,0,0,0,
12/15/2017,TH-67A,0058765,Rotorcraft,"",PI,T,1,0.0,0.0,1.2,0.0,0.0,0.0,0.0,1.2,0.0,0.0,0.0,1.2,0.0,1.2,0.0,0.0,0.0,0.0,1.2,0.0,0.0,0.0,1.2,0,1,0,0,0,
12/19/2017,TH-67A,0058765,Rotorcraft,"",PI,T,1,0.0,0.0,1.2,0.0,0.0,0.0,0.0,1.2,0.0,0.0,0.0,1.2,0.0,1.2,0.0,0.0,0.0,0.0,1.2,0.0,0.0,0.0,1.2,0,1,0,0,0,
01/03/2018,TH-67A,0058765,Rotorcraft,"",PI,T,1,0.0,0.0,1.1,0.0,0.0,0.0,0.0,1.1,0.0,0.0,0.0,1.1,0.0,1.1,0.0,0.0,0.0,0.0,1.1,0.0,0.0,0.0,1.1,0,1,0,0,0,
01/04/2018,TH-67A,0058765,Rotorcraft,"",PI,T,1,0.0,0.0,1.1,0.0,0.0,0.0,0.0,1.1,0.0,0.0,0.0,1.1,0.0,1.1,0.0,0.0,0.0,0.0,1.1,0.0,0.0,0.0,1.1,0,1,0,0,0,
01/05/2018,TH-67A,0058765,Rotorcraft,"",PI,T,1,0.0,0.0,1.1,0.0,0.0,0.0,0.0,1.1,0.0,0.0,0.0,1.1,0.0,1.1,0.0,0.0,0.0,0.0,1.1,0.0,0.0,0.0,1.1,0,1,0,0,0,
01/16/2018,TH-67A,0067242,Rotorcraft,"",PI,T,1,0.0,0.0,1.1,0.0,0.0,0.0,0.0,1.1,0.0,0.0,0.0,1.1,0.0,1.1,0.0,0.0,0.0,0.0,1.1,0.0,0.0,0.0,1.1,0,1,0,0,0,
01/17/2018,TH-67A,0067525,Rotorcraft,"",PI,T,1,0.0,0.0,1.2,0.0,0.0,0.0,0.0,1.2,0.0,0.0,0.0,1.2,0.0,1.2,0.0,0.0,0.0,0.0,1.2,0.0,0.0,0.0,1.2,0,1,0,0,0,
02/12/2018,TH-67F,"",Simulator,"",PI,T,1,0.0,0.0,0.0,0.0,0.0,0.0,0.0,0.0,0.0,0.0,0.0,1.5,0.0,1.5,0.0,0.0,1.5,0.0,0.0,0.0,0.0,0.0,0.0,0,0,0,0,0,
02/13/2018,TH-67F,"",Simulator,"",PI,T,1,0.0,0.0,0.0,0.0,0.0,0.0,0.0,0.0,0.0,0.0,0.0,1.5,0.0,1.5,0.0,0.0,1.5,0.0,0.0,0.0,0.0,0.0,0.0,0,0,0,0,0,
02/14/2018,TH-67F,"",Simulator,"",PI,T,1,0.0,0.0,0.0,0.0,0.0,0.0,0.0,0.0,0.0,0.0,0.0,1.5,0.0,1.5,0.0,0.0,1.5,0.0,0.0,0.0,0.0,0.0,0.0,0,0,0,0,0,
02/15/2018,TH-67F,"",Simulator,"",PI,T,1,0.0,0.0,0.0,0.0,0.0,0.0,0.0,0.0,0.0,0.0,0.0,1.5,0.0,1.5,0.0,0.0,1.5,0.0,0.0,0.0,0.0,0.0,0.0,0,0,0,0,0,
02/16/2018,TH-67F,"",Simulator,"",PI,T,1,0.0,0.0,0.0,0.0,0.0,0.0,0.0,0.0,0.0,0.0,0.0,1.5,0.0,1.5,0.0,0.0,1.5,0.0,0.0,0.0,0.0,0.0,0.0,0,0,0,0,0,
02/20/2018,TH-67F,"",Simulator,LOCAL,PI,T,1,0.0,0.0,0.0,0.0,0.0,0.0,0.0,0.0,0.0,0.0,0.0,1.5,0.0,1.5,0.0,0.0,1.5,0.0,0.0,0.0,0.0,0.0,0.0,0,0,0,0,0,
02/21/2018,TH-67F,"",Simulator,"",PI,T,1,0.0,0.0,0.0,0.0,0.0,0.0,0.0,0.0,0.0,0.0,0.0,1.5,0.0,1.5,0.0,0.0,1.5,0.0,0.0,0.0,0.0,0.0,0.0,0,0,0,0,0,
02/22/2018,TH-67F,"",Simulator,"",PI,T,1,0.0,0.0,0.0,0.0,0.0,0.0,0.0,0.0,0.0,0.0,0.0,1.5,0.0,1.5,0.0,0.0,1.5,0.0,0.0,0.0,0.0,0.0,0.0,0,0,0,0,0,
02/23/2018,TH-67F,"",Simulator,"",PI,T,1,0.0,0.0,0.0,0.0,0.0,0.0,0.0,0.0,0.0,0.0,0.0,1.5,0.0,1.5,0.0,0.0,1.5,0.0,0.0,0.0,0.0,0.0,0.0,0,0,0,0,0,
02/26/2018,TH-67F,"",Simulator,"",PI,T,1,0.0,0.0,0.0,0.0,0.0,0.0,0.0,0.0,0.0,0.0,0.0,1.5,0.0,1.5,0.0,0.0,1.5,0.0,0.0,0.0,0.0,0.0,0.0,0,0,0,0,0,
02/27/2018,TH-67F,"",Simulator,"",PI,T,1,0.0,0.0,0.0,0.0,0.0,0.0,0.0,0.0,0.0,0.0,0.0,1.5,0.0,1.5,0.0,0.0,1.5,0.0,0.0,0.0,0.0,0.0,0.0,0,0,0,0,0,
02/28/2018,TH-67F,"",Simulator,"",PI,T,1,0.0,0.0,0.0,0.0,0.0,0.0,0.0,0.0,0.0,0.0,0.0,1.5,0.0,1.5,0.0,0.0,1.5,0.0,0.0,0.0,0.0,0.0,0.0,0,0,0,0,0,
03/01/2018,TH-67F,"",Simulator,"",PI,T,1,0.0,0.0,0.0,0.0,0.0,0.0,0.0,0.0,0.0,0.0,0.0,1.5,0.0,1.5,0.0,0.0,1.5,0.0,0.0,0.0,0.0,0.0,0.0,0,0,0,0,0,
03/02/2018,TH-67F,"",Simulator,"",PI,T,1,0.0,0.0,0.0,0.0,0.0,0.0,0.0,0.0,0.0,0.0,0.0,1.5,0.0,1.5,0.0,0.0,1.5,0.0,0.0,0.0,0.0,0.0,0.0,0,0,0,0,0,
03/05/2018,TH-67F,"",Simulator,"",PI,T,1,0.0,0.0,0.0,0.0,0.0,0.0,0.0,0.0,0.0,0.0,0.0,1.5,0.0,1.5,0.0,0.0,1.5,0.0,0.0,0.0,0.0,0.0,0.0,0,0,0,0,0,
03/06/2018,TH-67F,"",Simulator,"",PI,T,1,0.0,0.0,0.0,0.0,0.0,0.0,0.0,0.0,0.0,0.0,0.0,1.5,0.0,1.5,0.0,0.0,1.5,0.0,0.0,0.0,0.0,0.0,0.0,0,0,0,0,0,
03/07/2018,TH-67F,"",Simulator,"",PI,T,1,0.0,0.0,0.0,0.0,0.0,0.0,0.0,0.0,0.0,0.0,0.0,1.5,0.0,1.5,0.0,0.0,1.5,0.0,0.0,0.0,0.0,0.0,0.0,0,0,0,0,0,
03/08/2018,TH-67F,"",Simulator,LOCAL,PI,T,1,0.0,0.0,0.0,0.0,0.0,0.0,0.0,0.0,0.0,0.0,0.0,1.5,0.0,1.5,0.0,0.0,1.5,0.0,0.0,0.0,0.0,0.0,0.0,0,0,0,0,0,
03/09/2018,TH-67F,"",Simulator,LOCAL,PI,T,1,0.0,0.0,0.0,0.0,0.0,0.0,0.0,0.0,0.0,0.0,0.0,1.5,0.0,1.5,0.0,0.0,1.5,0.0,0.0,0.0,0.0,0.0,0.0,0,0,0,0,0,
03/12/2018,TH-67F,"",Simulator,"",PI,T,1,0.0,0.0,0.0,0.0,0.0,0.0,0.0,0.0,0.0,0.0,0.0,1.5,0.0,1.5,0.0,0.0,1.5,0.0,0.0,0.0,0.0,0.0,0.0,0,0,0,0,0,
03/13/2018,TH-67F,"",Simulator,"",PI,T,1,0.0,0.0,0.0,0.0,0.0,0.0,0.0,0.0,0.0,0.0,0.0,1.5,0.0,1.5,0.0,0.0,1.5,0.0,0.0,0.0,0.0,0.0,0.0,0,0,0,0,0,
03/14/2018,TH-67F,"",Simulator,"",PI,T,1,0.0,0.0,0.0,0.0,0.0,0.0,0.0,0.0,0.0,0.0,0.0,1.5,0.0,1.5,0.0,0.0,1.5,0.0,0.0,0.0,0.0,0.0,0.0,0,0,0,0,0,
03/15/2018,TH-67F,"",Simulator,"",PI,T,1,0.0,0.0,0.0,0.0,0.0,0.0,0.0,0.0,0.0,0.0,0.0,1.5,0.0,1.5,0.0,0.0,1.5,0.0,0.0,0.0,0.0,0.0,0.0,0,0,0,0,0,
03/16/2018,TH-67F,"",Simulator,"",PI,T,1,0.0,0.0,0.0,0.0,0.0,0.0,0.0,0.0,0.0,0.0,0.0,1.5,0.0,1.5,0.0,0.0,1.5,0.0,0.0,0.0,0.0,0.0,0.0,0,0,0,0,0,
03/19/2018,TH-67F,"",Simulator,"",PI,T,1,0.0,0.0,0.0,0.0,0.0,0.0,0.0,0.0,0.0,0.0,0.0,1.5,0.0,1.5,0.0,0.0,1.5,0.0,0.0,0.0,0.0,0.0,0.0,0,0,0,0,0,
03/20/2018,TH-67A,0067599,Rotorcraft,"",PI,T,1,0.0,0.0,0.0,0.0,0.0,0.0,0.0,1.0,0.0,0.0,0.0,1.0,0.0,1.0,0.0,0.0,0.0,1.0,1.0,0.0,0.0,0.0,1.0,0,0,0,0,0,
03/21/2018,TH-67A,0067580,Rotorcraft,"",PI,T,1,0.0,0.0,0.0,0.0,0.0,0.0,0.0,1.3,0.0,0.0,0.0,1.3,0.0,1.3,0.0,0.0,0.0,1.3,1.3,0.0,0.0,0.0,1.3,0,0,0,0,0,
03/22/2018,TH-67A,0067656,Rotorcraft,"",PI,T,1,0.0,0.0,0.0,0.0,0.0,0.0,0.0,1.3,0.0,0.0,0.0,1.3,0.0,1.3,0.0,0.0,0.0,1.3,1.3,0.0,0.0,0.0,1.3,0,0,0,0,0,
03/23/2018,TH-67A,0067561,Rotorcraft,"",PI,T,1,0.0,0.0,0.0,0.0,0.0,0.0,0.0,1.4,0.0,0.0,0.0,1.4,0.0,1.4,0.0,0.0,0.0,1.4,1.4,0.0,0.0,0.0,1.4,0,0,0,0,0,
03/26/2018,TH-67A,0067578,Rotorcraft,"",PI,T,1,0.0,0.0,0.0,0.0,0.0,0.0,0.0,1.3,0.0,0.0,0.0,1.3,0.0,1.3,0.0,0.0,0.0,1.3,1.3,0.0,0.0,0.0,1.3,0,0,0,0,0,
03/27/2018,TH-67A,0067363,Rotorcraft,"",PI,T,1,0.0,0.0,0.0,0.0,0.0,0.0,0.0,1.1,0.0,0.0,0.0,1.1,0.0,1.1,0.0,0.0,0.0,1.1,1.1,0.0,0.0,0.0,1.1,0,0,0,0,0,
03/28/2018,TH-67A,0067599,Rotorcraft,"",PI,T,1,0.0,0.0,0.0,0.0,0.0,0.0,0.0,1.3,0.0,0.0,0.0,1.3,0.0,1.3,0.0,0.0,0.0,1.3,1.3,0.0,0.0,0.0,1.3,0,0,0,0,0,
03/29/2018,TH-67A,0067599,Rotorcraft,"",PI,T,1,0.0,0.0,0.0,0.0,0.0,0.0,0.0,1.4,0.0,0.0,0.0,1.4,0.0,1.4,0.0,0.0,0.0,1.4,1.4,0.0,0.0,0.0,1.4,0,0,0,0,0,
03/30/2018,TH-67A,0067580,Rotorcraft,"",PI,T,1,0.0,0.0,0.0,0.0,0.0,0.0,0.0,1.1,0.0,0.0,0.0,1.1,0.0,1.1,0.0,0.0,0.0,1.1,1.1,0.0,0.0,0.0,1.1,0,0,0,0,0,
04/03/2018,TH-67A,0067411,Rotorcraft,"",PI,T,1,0.0,0.0,1.1,0.0,0.0,0.0,0.0,1.1,0.0,0.0,0.0,1.1,0.0,1.1,0.0,0.0,0.0,0.0,1.1,0.0,0.0,0.0,1.1,0,1,0,0,0,
04/04/2018,TH-67A,0067554,Rotorcraft,"",PI,T,1,0.0,0.0,0.0,0.0,0.0,0.0,0.0,1.0,0.0,0.0,0.0,1.0,0.0,1.0,0.0,0.0,0.0,1.0,1.0,0.0,0.0,0.0,1.0,0,0,0,0,0,
04/05/2018,TH-67A,0067516,Rotorcraft,"",PI,T,1,0.0,0.0,0.0,0.0,0.0,0.0,0.0,1.2,0.0,0.0,0.0,1.2,0.0,1.2,0.0,0.0,0.0,1.2,1.2,0.0,0.0,0.0,1.2,0,0,0,0,0,
04/06/2018,TH-67A,0067745,Rotorcraft,"",PI,T,1,0.0,0.0,0.0,0.0,0.0,0.0,0.0,1.2,0.0,0.0,0.0,1.2,0.0,1.2,0.0,0.0,0.0,1.2,1.2,0.0,0.0,0.0,1.2,0,0,0,0,0,
04/11/2018,OH-58C,6916209,Rotorcraft,"",PI,T,1,0.0,0.0,1.5,0.0,0.0,0.0,0.0,1.5,0.0,0.0,0.0,1.5,0.0,1.5,0.0,0.0,0.0,0.0,1.5,0.0,0.0,0.0,1.5,0,1,0,0,0,
04/12/2018,OH-58C,7015126,Rotorcraft,"",PI,T,1,0.0,0.0,1.6,0.0,0.0,0.0,0.0,1.6,0.0,0.0,0.0,1.6,0.0,1.6,0.0,0.0,0.0,0.0,1.6,0.0,0.0,0.0,1.6,0,1,0,0,0,
04/13/2018,OH-58C,7015356,Rotorcraft,"",PI,T,1,0.0,0.0,1.2,0.0,0.0,0.0,0.0,1.2,0.0,0.0,0.0,1.2,0.0,1.2,0.0,0.0,0.0,0.0,1.2,0.0,0.0,0.0,1.2,0,1,0,0,0,
04/16/2018,OH-58C,7015356,Rotorcraft,"",PI,T,1,0.0,0.0,1.7,0.0,0.0,0.0,0.0,1.7,0.0,0.0,0.0,1.7,0.0,1.7,0.0,0.0,0.0,0.0,1.7,0.0,0.0,0.0,1.7,0,1,0,0,0,
04/17/2018,OH-58C,7221116,Rotorcraft,"",PI,T,1,0.0,0.0,1.7,0.0,0.0,0.0,0.0,1.7,0.0,0.0,0.0,1.7,0.0,1.7,0.0,0.0,0.0,0.0,1.7,0.0,0.0,0.0,1.7,0,1,0,0,0,
04/18/2018,OH-58C,7015598,Rotorcraft,"",PI,T,1,0.0,0.0,1.4,0.0,0.0,0.0,0.0,1.4,0.0,0.0,0.0,1.4,0.0,1.4,0.0,0.0,0.0,0.0,1.4,0.0,0.0,0.0,1.4,0,1,0,0,0,
04/19/2018,OH-58C,6816732,Rotorcraft,"",PI,T,1,0.0,0.0,1.5,0.0,0.0,0.0,0.0,1.5,0.0,0.0,0.0,1.5,0.0,1.5,0.0,0.0,0.0,0.0,1.5,0.0,0.0,0.0,1.5,0,1,0,0,0,
04/23/2018,OH-58C,7120769,Rotorcraft,"",PI,T,1,0.0,0.0,1.6,0.0,0.0,0.0,0.0,1.6,0.0,0.0,0.0,1.6,0.0,1.6,0.0,0.0,0.0,0.0,1.6,0.0,0.0,0.0,1.6,0,1,0,0,0,
04/23/2018,OH-58C,7120769,Rotorcraft,"",PI,T,1,0.0,0.0,1.3,0.0,0.0,0.0,0.0,1.3,0.0,0.0,0.0,1.3,0.0,1.3,0.0,0.0,0.0,0.0,1.3,0.0,0.0,0.0,1.3,0,1,0,0,0,
04/24/2018,OH-58C,7015598,Rotorcraft,"",PI,T,1,0.0,0.0,1.4,0.0,0.0,0.0,0.0,1.4,0.0,0.0,0.0,1.4,0.0,1.4,0.0,0.0,0.0,0.0,1.4,0.0,0.0,0.0,1.4,0,1,0,0,0,
04/26/2018,OH-58C,7015280,Rotorcraft,"",PI,T,1,0.0,0.0,1.3,0.0,0.0,0.0,0.0,1.3,0.0,0.0,0.0,1.3,0.0,1.3,0.0,0.0,0.0,0.0,1.3,0.0,0.0,0.0,1.3,0,1,0,0,0,
04/30/2018,OH-58C,7120426,Rotorcraft,"",PI,T,1,0.0,0.0,1.4,0.0,0.0,0.0,0.0,1.4,0.0,0.0,0.0,1.4,0.0,1.4,0.0,0.0,0.0,0.0,1.4,0.0,0.0,0.0,1.4,0,1,0,0,0,
04/30/2018,OH-58C,7015598,Rotorcraft,"",PI,T,1,0.0,0.0,1.3,0.0,0.0,0.0,0.0,1.3,0.0,0.0,0.0,1.3,0.0,1.3,0.0,0.0,0.0,0.0,1.3,0.0,0.0,0.0,1.3,0,1,0,0,0,
05/01/2018,OH-58C,7120807,Rotorcraft,"",PI,T,1,0.0,0.0,1.1,0.0,0.0,0.0,0.0,1.1,0.0,0.0,0.0,1.1,0.0,1.1,0.0,0.0,0.0,0.0,1.1,0.0,0.0,0.0,1.1,0,1,0,0,0,
05/02/2018,OH-58C,6916277,Rotorcraft,"",PI,T,1,0.0,0.0,1.2,0.0,0.0,0.0,0.0,1.2,0.0,0.0,0.0,1.2,0.0,1.2,0.0,0.0,0.0,0.0,1.2,0.0,0.0,0.0,1.2,0,1,0,0,0,
05/03/2018,OH-58C,6816867,Rotorcraft,"",PI,T,1,0.0,0.0,1.4,0.0,0.0,0.0,0.0,1.4,0.0,0.0,0.0,1.4,0.0,1.4,0.0,0.0,0.0,0.0,1.4,0.0,0.0,0.0,1.4,0,1,0,0,0,
07/09/2018,UH-60M,5925,Simulator,"",PI,T,1,0.0,0.0,1.5,0.0,0.0,0.0,0.0,0.0,0.0,0.0,0.0,1.5,0.0,1.5,0.0,0.0,0.0,0.0,0.0,0.0,0.0,0.0,0.0,0,1,0,0,0,
07/10/2018,UH-60M,5926,Simulator,"",PI,T,1,0.0,0.0,1.5,0.0,0.0,0.0,0.0,0.0,0.0,0.0,0.0,1.5,0.0,1.5,0.0,0.0,0.0,0.0,0.0,0.0,0.0,0.0,0.0,0,1,0,0,0,
07/11/2018,UH-60M,1220485,Rotorcraft,"",PI,T,1,0.0,0.0,1.3,0.0,0.0,0.0,0.0,1.3,0.0,0.0,0.0,1.3,0.0,1.3,0.0,0.0,0.0,0.0,1.3,0.0,0.0,0.0,1.3,0,1,0,0,0,
07/12/2018,UH-60M,1220463,Rotorcraft,"",PI,T,1,0.0,0.0,1.2,0.0,0.0,0.0,0.0,1.2,0.0,0.0,0.0,1.2,0.0,1.2,0.0,0.0,0.0,0.0,1.2,0.0,0.0,0.0,1.2,0,1,0,0,0,
07/13/2018,UH-60M,5925,Simulator,"",PI,T,1,0.0,0.0,1.5,0.0,0.0,0.0,0.0,0.0,0.0,0.0,0.0,1.5,0.0,1.5,0.0,0.0,0.0,0.0,0.0,0.0,0.0,0.0,0.0,0,1,0,0,0,
07/16/2018,UH-60M,1520747,Rotorcraft,"",PI,T,1,0.0,0.0,1.3,0.0,0.0,0.0,0.0,1.3,0.0,0.0,0.0,1.3,0.0,1.3,0.0,0.0,0.0,0.0,1.3,0.0,0.0,0.0,1.3,0,1,0,0,0,
07/17/2018,UH-60M,1220485,Rotorcraft,"",PI,T,1,0.0,0.0,1.4,0.0,0.0,0.0,0.0,1.4,0.0,0.0,0.0,1.4,0.0,1.4,0.0,0.0,0.0,0.0,1.4,0.0,0.0,0.0,1.4,0,1,0,0,0,
07/18/2018,UH-60M,1220467,Rotorcraft,"",PI,T,1,0.0,0.0,1.4,0.0,0.0,0.0,0.0,1.4,0.0,0.0,0.0,1.4,0.0,1.4,0.0,0.0,0.0,0.0,1.4,0.0,0.0,0.0,1.4,0,1,0,0,0,
07/19/2018,UH-60M,1420667,Rotorcraft,"",PI,T,1,0.0,0.0,1.2,0.0,0.0,0.0,0.0,1.2,0.0,0.0,0.0,1.2,0.0,1.2,0.0,0.0,0.0,0.0,1.2,0.0,0.0,0.0,1.2,0,1,0,0,0,
07/20/2018,UH-60M,0920175,Rotorcraft,"",PI,T,1,0.0,0.0,1.2,0.0,0.0,0.0,0.0,1.2,0.0,0.0,0.0,1.2,0.0,1.2,0.0,0.0,0.0,0.0,1.2,0.0,0.0,0.0,1.2,0,1,0,0,0,
07/24/2018,UH-60M,0920218,Rotorcraft,"",PI,T,1,0.0,0.0,1.3,0.0,0.0,0.0,0.0,1.3,0.0,0.0,0.0,1.3,0.0,1.3,0.0,0.0,0.0,0.0,1.3,0.0,0.0,0.0,1.3,0,1,0,0,0,
07/25/2018,UH-60M,1620826,Rotorcraft,"",PI,T,1,0.0,0.0,1.4,0.0,0.0,0.0,0.0,1.4,0.0,0.0,0.0,1.4,0.0,1.4,0.0,0.0,0.0,0.0,1.4,0.0,0.0,0.0,1.4,0,1,0,0,0,
07/26/2018,UH-60M,1420667,Rotorcraft,"",PI,T,1,0.0,0.0,1.3,0.0,0.0,0.0,0.0,1.3,0.0,0.0,0.0,1.3,0.0,1.3,0.0,0.0,0.0,0.0,1.3,0.0,0.0,0.0,1.3,0,1,0,0,0,
07/27/2018,UH-60M,1220474,Rotorcraft,"",PI,T,1,0.0,0.0,1.3,0.0,0.0,0.0,0.0,1.3,0.0,0.0,0.0,1.3,0.0,1.3,0.0,0.0,0.0,0.0,1.3,0.0,0.0,0.0,1.3,0,1,0,0,0,
07/30/2018,UH-60M,0920201,Rotorcraft,"",PI,T,1,0.0,0.0,1.3,0.0,0.0,0.0,0.0,1.3,0.0,0.0,0.0,1.3,0.0,1.3,0.0,0.0,0.0,0.0,1.3,0.0,0.0,0.0,1.3,0,1,0,0,0,
08/03/2018,UH-60M,1020284,Rotorcraft,"",PI,T,1,0.0,0.0,1.5,0.0,0.0,0.0,0.0,1.5,0.0,0.0,0.0,1.5,0.0,1.5,0.0,0.0,0.0,0.0,1.5,0.0,0.0,0.0,1.5,0,1,0,0,0,
08/03/2018,UH-60M,1320617,Rotorcraft,"",PI,T,1,0.0,0.0,1.2,0.0,0.0,0.0,0.0,1.2,0.0,0.0,0.0,1.2,0.0,1.2,0.0,0.0,0.0,0.0,1.2,0.0,0.0,0.0,1.2,0,1,0,0,0,
08/06/2018,UH-60M,1220449,Rotorcraft,"",PI,T,1,0.0,0.0,1.2,0.0,0.0,0.0,0.0,1.2,0.0,0.0,0.0,1.2,0.0,1.2,0.0,0.0,0.0,0.0,1.2,0.0,0.0,0.0,1.2,0,1,0,0,0,
08/07/2018,UH-60M,1120519,Rotorcraft,"",PI,T,1,0.0,0.0,1.5,0.0,0.0,0.0,0.0,1.5,0.0,0.0,0.0,1.5,0.0,1.5,0.0,0.0,0.0,0.0,1.5,0.0,0.0,0.0,1.5,0,1,0,0,0,
08/08/2018,UH-60M,1220449,Rotorcraft,"",PI,T,1,0.0,0.0,1.5,0.0,0.0,0.0,0.0,1.5,0.0,0.0,0.0,1.5,0.0,1.5,0.0,0.0,0.0,0.0,1.5,0.0,0.0,0.0,1.5,0,1,0,0,0,
08/09/2018,UH-60M,1020284,Rotorcraft,"",PI,T,1,0.0,0.0,1.2,0.0,0.0,0.0,0.0,1.2,0.0,0.0,0.0,1.2,0.0,1.2,0.0,0.0,0.0,0.0,1.2,0.0,0.0,0.0,1.2,0,1,0,0,0,
08/14/2018,UH-60M,5924,Simulator,"",PI,T,1,0.0,0.0,0.0,0.0,0.0,0.0,0.0,0.0,0.0,0.0,0.0,1.5,0.0,1.5,0.0,0.0,1.5,0.0,0.0,0.0,0.0,0.0,0.0,0,0,0,0,0,
08/15/2018,UH-60M,5924,Simulator,"",PI,T,1,0.0,0.0,0.0,0.0,0.0,0.0,0.0,0.0,0.0,0.0,0.0,1.5,0.0,1.5,0.0,0.0,1.5,0.0,0.0,0.0,0.0,0.0,0.0,0,0,0,0,0,
08/16/2018,UH-60M,5924,Simulator,"",PI,T,1,0.0,0.0,0.0,0.0,0.0,0.0,0.0,0.0,0.0,0.0,0.0,1.5,0.0,1.5,0.0,0.0,1.5,0.0,0.0,0.0,0.0,0.0,0.0,0,0,0,0,0,
08/20/2018,UH-60M,1220467,Rotorcraft,"",PI,T,1,0.0,0.0,0.0,0.0,0.0,0.0,0.0,1.1,0.0,0.0,0.0,1.1,0.0,1.1,0.0,0.0,0.0,1.1,1.1,0.0,0.0,0.0,1.1,0,0,0,0,0,
08/21/2018,UH-60M,5924,Simulator,"",PI,T,1,0.0,0.0,0.0,0.0,0.0,0.0,0.0,0.0,0.0,0.0,0.0,1.5,0.0,1.5,0.0,0.0,1.5,0.0,0.0,0.0,0.0,0.0,0.0,0,0,0,0,0,
08/22/2018,UH-60M,5924,Simulator,"",PI,T,1,0.0,0.0,0.0,0.0,0.0,0.0,0.0,0.0,0.0,0.0,0.0,1.5,0.0,1.5,0.0,0.0,1.5,0.0,0.0,0.0,0.0,0.0,0.0,0,0,0,0,0,
08/23/2018,UH-60M,1620831,Rotorcraft,"",PI,T,1,0.0,0.0,0.0,0.0,0.0,0.0,0.0,1.7,0.0,0.0,0.0,1.7,0.0,1.7,0.0,0.0,0.0,1.7,1.7,0.0,0.0,0.0,1.7,0,0,0,0,0,
08/24/2018,UH-60M,1020284,Rotorcraft,"",PI,T,1,0.0,0.0,0.0,0.0,0.0,0.0,0.0,1.2,0.0,0.0,0.0,1.2,0.0,1.2,0.0,0.0,0.0,1.2,1.2,0.0,0.0,0.0,1.2,0,0,0,0,0,
08/27/2018,UH-60M,1220464,Rotorcraft,"",PI,T,1,0.0,0.0,0.0,0.0,0.0,0.0,0.0,1.5,0.0,0.0,0.0,1.5,0.0,1.5,0.0,0.0,0.0,1.5,1.5,0.0,0.0,0.0,1.5,0,0,0,0,0,
08/28/2018,UH-60M,1620850,Rotorcraft,"",PI,T,1,0.0,0.0,0.0,0.0,0.0,0.0,0.0,1.1,0.0,0.0,0.0,1.1,0.0,1.1,0.0,0.0,0.0,1.1,1.1,0.0,0.0,0.0,1.1,0,0,0,0,0,
08/29/2018,UH-60M,0820101,Rotorcraft,"",PI,T,1,0.0,0.0,0.0,0.0,0.0,0.0,0.0,1.0,0.0,0.0,0.0,1.0,0.0,1.0,0.0,0.0,0.0,1.0,1.0,0.0,0.0,0.0,1.0,0,0,0,0,0,
09/05/2018,UH-60M,0920213,Rotorcraft,"",PI,T,1,0.0,0.0,0.0,0.0,0.0,0.0,0.0,1.2,0.0,0.0,0.0,1.2,0.0,1.2,0.0,1.2,0.0,0.0,1.2,0.0,0.0,0.0,1.2,0,0,0,1,0,
09/06/2018,UH-60M,5938,Simulator,"",PI,T,1,0.0,0.0,0.0,0.0,0.0,0.0,0.0,0.0,0.0,0.0,0.0,1.5,0.0,1.5,0.0,1.5,0.0,0.0,0.0,0.0,0.0,0.0,0.0,0,0,0,1,0,
09/07/2018,UH-60M,1620826,Rotorcraft,"",PI,T,1,0.0,0.0,0.0,0.0,0.0,1.2,0.0,1.2,0.0,0.0,0.0,1.2,0.0,1.2,0.0,1.2,0.0,0.0,1.2,0.0,0.0,0.0,1.2,0,0,0,1,0,
09/10/2018,UH-60M,0820100,Rotorcraft,"",PI,T,1,0.0,0.0,0.0,0.0,0.0,1.2,0.0,1.2,0.0,0.0,0.0,1.2,0.0,1.2,0.0,1.2,0.0,0.0,1.2,0.0,0.0,0.0,1.2,0,0,0,1,0,
09/11/2018,UH-60M,5938,Simulator,"",PI,T,1,0.0,0.0,0.0,0.0,0.0,1.5,0.0,0.0,0.0,0.0,0.0,1.5,0.0,1.5,0.0,1.5,0.0,0.0,0.0,0.0,0.0,0.0,0.0,0,0,0,1,0,
09/12/2018,UH-60M,1620826,Rotorcraft,"",PI,T,1,0.0,0.0,0.0,0.0,0.0,1.2,0.0,1.2,0.0,0.0,0.0,1.2,0.0,1.2,0.0,1.2,0.0,0.0,1.2,0.0,0.0,0.0,1.2,0,0,0,1,0,
09/17/2018,UH-60M,1520738,Rotorcraft,LOCAL,PI,T,1,0.0,0.0,0.0,0.0,0.0,1.9,0.0,1.9,0.0,0.0,0.0,1.9,0.0,1.9,0.0,1.9,0.0,0.0,1.9,0.0,0.0,0.0,1.9,0,0,0,5,0,
09/18/2018,UH-60M,1620827,Rotorcraft,LOCAL,PI,T,1,0.0,0.0,0.0,0.0,0.0,2.0,0.0,2.0,0.0,0.0,0.0,2.0,0.0,2.0,0.0,2.0,0.0,0.0,2.0,0.0,0.0,0.0,2.0,0,0,0,5,0,
09/19/2018,UH-60M,1020253,Rotorcraft,LOCAL,PI,T,1,0.0,0.0,0.0,0.0,0.0,2.1,0.0,2.1,0.0,0.0,0.0,2.1,0.0,2.1,0.0,2.1,0.0,0.0,2.1,0.0,0.0,0.0,2.1,0,0,0,5,0,
09/20/2018,UH-60M,1520737,Rotorcraft,LOCAL,PI,T,1,0.0,0.0,0.0,0.0,0.0,1.2,0.0,1.2,0.0,0.0,0.0,1.2,0.0,1.2,0.0,1.2,0.0,0.0,1.2,0.0,0.0,0.0,1.2,0,0,0,5,0,
09/21/2018,UH-60M,1520738,Rotorcraft,LOCAL,PI,T,1,0.0,0.0,0.0,0.0,0.0,1.2,0.0,1.2,0.0,0.0,0.0,1.2,0.0,1.2,0.0,1.2,0.0,0.0,1.2,0.0,0.0,0.0,1.2,0,0,0,5,0,
09/24/2018,UH-60M,1520737,Rotorcraft,LOCAL,PI,T,1,0.0,0.0,0.0,0.0,0.0,1.2,0.0,1.2,0.0,0.0,0.0,1.2,0.0,1.2,0.0,1.2,0.0,0.0,1.2,0.0,0.0,0.0,1.2,0,0,0,5,0,
09/25/2018,UH-60M,1120521,Rotorcraft,LOCAL,PI,T,1,0.0,0.0,0.0,0.0,0.0,1.2,0.0,1.2,0.0,0.0,0.0,1.2,0.0,1.2,0.0,1.2,0.0,0.0,1.2,0.0,0.0,0.0,1.2,0,0,0,5,0,
09/26/2018,UH-60M,1520746,Rotorcraft,LOCAL,PI,T,1,0.0,0.0,0.0,0.0,0.0,0.8,0.0,0.8,0.0,0.0,0.0,0.8,0.0,0.8,0.0,0.8,0.0,0.0,0.0,0.0,0.0,0.0,0.0,0,0,0,5,0,
03/06/2019,UH-60M,0920223,Rotorcraft,LOCAL-LOCAL,PI,T,1,0.0,0.0,1.2,0.0,0.0,0.0,0.0,1.2,0.0,0.0,0.0,1.2,0.0,1.2,0.0,0.0,0.0,0.0,1.2,0.0,0.0,0.0,1.2,0,25,0,0,0,
03/07/2019,UH-60M,0920223,Rotorcraft,LOCAL-LOCAL,PI,T,1,0.0,0.0,3.1,0.0,0.0,0.0,0.0,3.1,0.0,0.0,0.0,3.1,0.0,3.1,0.0,0.0,0.0,0.0,3.1,0.0,0.0,0.0,3.1,0,8,0,0,0,
03/14/2019,UH-60L,000,Simulator,LOCAL,PI,T,1,0.0,0.0,0.0,0.0,0.0,0.0,0.0,0.0,0.0,0.0,0.0,2.0,0.0,2.0,0.0,0.0,2.0,0.0,0.0,0.0,0.0,0.0,0.0,0,0,0,0,0,
03/15/2019,UH-60L,000,Simulator,LOCAL,PI,T,1,0.0,0.0,0.0,0.0,0.0,0.0,0.0,0.0,0.0,0.0,0.0,2.0,0.0,2.0,0.0,0.0,2.0,0.0,0.0,0.0,0.0,0.0,0.0,0,0,0,0,0,
03/19/2019,UH-60M,1220451,Rotorcraft,LOCAL-LOCAL,PI,T,1,0.0,0.0,0.0,0.0,0.0,0.0,0.0,3.2,0.0,0.0,0.0,3.2,0.0,3.2,0.0,1.2,0.0,2.0,3.2,0.0,0.0,0.0,3.2,0,0,0,25,0,
03/20/2019,UH-60M,0920223,Rotorcraft,LOCAL-LOCAL,PI,T,1,0.0,0.0,2.0,0.0,0.0,0.0,0.0,2.0,0.0,0.0,0.0,2.0,0.0,2.0,0.0,0.0,0.0,0.0,2.0,0.0,0.0,0.0,2.0,0,3,0,0,0,
03/22/2019,UH-60L,000,Simulator,LOCAL,CP,T,1,0.0,0.0,0.0,0.0,0.0,0.0,0.0,0.0,0.0,0.0,0.0,2.0,0.0,2.0,0.0,0.0,2.0,0.0,0.0,0.0,0.0,0.0,0.0,0,0,0,0,0,
04/04/2019,UH-60M,000,Simulator,"",PI,T,1,0.0,0.0,0.0,0.0,0.0,0.0,0.0,0.0,0.0,0.0,0.0,2.0,0.0,2.0,0.0,0.0,0.0,2.0,0.0,0.0,0.0,0.0,0.0,0,0,0,0,0,
04/10/2019,UH-60M,1220451,Rotorcraft,LOCAL-LOCAL,PI,T,1,0.0,0.0,0.2,0.0,0.0,0.0,0.0,2.0,0.0,0.0,0.0,2.0,0.0,2.0,0.0,0.2,0.0,1.6,2.0,0.0,0.0,0.0,2.0,0,19,0,1,0,
04/11/2019,UH-60M,0920223,Rotorcraft,LOCAL-LOCAL,PI,T,1,0.0,0.0,1.0,0.0,0.0,0.0,0.0,2.2,0.0,0.0,0.0,2.2,0.0,2.2,0.0,0.0,0.0,1.2,2.2,0.0,0.0,0.0,2.2,0,10,0,0,0,
04/15/2019,UH-60L,000,Simulator,"",PI,T,1,0.0,0.0,0.0,0.0,0.0,0.0,0.0,0.0,0.0,0.0,0.0,2.0,0.0,2.0,0.0,0.0,2.0,0.0,0.0,0.0,0.0,0.0,0.0,0,0,0,0,0,
04/16/2019,UH-60M,0920223,Rotorcraft,LOCAL-LOCAL,CP,T,1,0.0,0.0,0.0,0.0,0.0,1.3,0.0,0.0,0.0,0.0,0.0,0.0,2.0,2.0,0.0,2.0,0.0,0.0,2.0,0.0,0.0,0.0,0.0,0,0,0,15,0,
04/16/2019,UH-60M,0920223,Rotorcraft,LOCAL-LOCAL,PI,T,1,0.0,0.0,1.0,0.0,0.0,0.0,0.0,1.8,0.0,0.0,0.0,1.8,0.0,1.8,0.0,0.0,0.0,0.8,1.8,0.0,0.0,0.0,1.8,0,15,0,0,0,
04/17/2019,UH-60M,1220451,Rotorcraft,LOCAL-LOCAL,PI,T,1,0.0,0.0,1.1,0.0,0.0,0.0,0.0,2.9,0.0,0.0,0.0,2.9,0.0,2.9,0.0,0.0,0.8,1.0,2.9,0.0,0.0,0.0,2.9,0,6,0,0,0,
04/19/2019,UH-60L,000,Simulator,"",PI,T,1,0.0,0.0,2.0,0.0,0.0,0.0,0.0,0.0,0.0,0.0,0.0,2.0,0.0,2.0,0.0,0.0,0.0,0.0,0.0,0.0,0.0,0.0,0.0,0,1,0,0,0,
04/26/2019,UH-60L,000,Simulator,"",PI,T,1,0.0,0.0,2.0,0.0,0.0,0.0,0.0,0.0,0.0,0.0,0.0,2.0,0.0,2.0,0.0,0.0,0.0,0.0,0.0,0.0,0.0,0.0,0.0,0,1,0,0,0,
05/01/2019,UH-60M,000,Simulator,"",PI,T,1,0.0,0.0,0.0,0.0,0.0,0.0,0.0,0.0,0.0,0.0,0.0,2.0,0.0,2.0,0.0,0.0,0.0,2.0,0.0,0.0,0.0,0.0,0.0,0,0,0,0,0,
05/01/2019,UH-60M,000,Simulator,"",PI,T,1,0.0,0.0,2.0,0.0,0.0,0.0,0.0,0.0,0.0,0.0,0.0,2.0,0.0,2.0,0.0,0.0,0.0,0.0,0.0,0.0,0.0,0.0,0.0,0,1,0,0,0,
05/02/2019,UH-60M,000,Simulator,"",PI,T,1,0.0,0.0,2.0,0.0,0.0,0.0,0.0,0.0,0.0,0.0,0.0,2.0,0.0,2.0,0.0,0.0,0.0,0.0,0.0,0.0,0.0,0.0,0.0,0,1,0,0,0,
05/07/2019,UH-60M,0920223,Rotorcraft,LOCAL-LOCAL,PI,T,1,0.0,0.0,1.6,0.0,0.0,1.0,0.0,3.6,0.0,0.0,0.0,3.6,0.0,3.6,0.0,2.0,0.0,0.0,3.6,0.0,0.0,0.0,3.6,0,14,0,1,0,
05/08/2019,UH-60M,000,Simulator,"",PI,T,1,0.0,0.0,2.0,0.0,0.0,0.0,0.0,0.0,0.0,0.0,0.0,2.0,0.0,2.0,0.0,0.0,0.0,0.0,0.0,0.0,0.0,0.0,0.0,0,1,0,0,0,
05/13/2019,UH-60M,0920223,Rotorcraft,LOCAL-LOCAL,PI,T,1,0.0,0.0,1.5,0.0,0.0,0.0,0.0,3.9,0.0,0.0,0.0,3.9,0.0,3.9,0.0,2.4,0.0,0.0,3.9,0.0,0.0,0.0,3.9,0,19,0,1,0,
05/14/2019,UH-60M,1120375,Rotorcraft,LOCAL-LOCAL,PI,T,1,0.0,0.0,1.9,0.0,0.0,1.0,0.0,5.0,0.0,0.0,0.0,5.0,0.0,5.0,0.0,2.1,0.0,1.0,5.0,0.0,0.0,0.0,5.0,0,19,0,1,0,
05/22/2019,UH-60M,1020255,Rotorcraft,LOCAL-LOCAL,PI,T,1,0.0,0.0,0.0,0.0,0.0,1.0,0.0,1.7,0.0,0.0,0.0,1.7,0.0,1.7,0.0,1.7,0.0,0.0,1.7,0.0,0.0,0.0,1.7,0,0,0,15,0,
06/25/2019,UH-60M,1220456,Rotorcraft,LTAG-LTAJ-LTAG,PI,D,1,2.1,0.0,2.1,0.0,0.0,0.0,0.0,2.1,0.0,0.0,0.0,2.1,0.0,2.1,0.0,0.0,0.0,0.0,2.1,0.0,0.0,0.0,2.1,0,2,0,0,0,
06/26/2019,UH-60M,1220456,Rotorcraft,LTAG-LTR23-LTAG,PI,D,1,3.7,0.0,1.9,0.0,0.0,1.0,0.0,3.7,0.0,0.0,0.0,3.7,0.0,3.7,0.0,1.0,0.3,0.5,3.7,0.0,0.0,0.0,3.7,0,3,0,1,0,
06/28/2019,UH-60M,1120429,Rotorcraft,LTAG-LTAJ-LTAG,PI,D,1,2.2,0.0,2.2,0.0,0.0,0.0,0.0,2.2,0.0,0.0,0.0,2.2,0.0,2.2,0.0,0.0,0.0,0.0,2.2,0.0,0.0,0.0,2.2,0,4,0,0,0,
07/01/2019,UH-60M,0920220,Rotorcraft,LTAG-LTAT-LTAG,PI,D,1,2.1,0.0,2.1,0.0,0.0,0.0,0.0,2.1,0.0,0.0,0.0,2.1,0.0,2.1,0.0,0.0,0.0,0.0,2.1,0.0,0.0,0.0,2.1,0,3,0,0,0,
07/01/2019,UH-60M,0920220,Rotorcraft,LTAG-LTAT-LTAG,IP,D,1,1.6,0.0,0.0,0.0,0.0,1.6,0.0,0.0,0.0,1.6,0.0,1.6,0.0,1.6,0.0,1.6,0.0,0.0,1.6,0.0,0.0,1.6,0.0,0,0,0,3,0,
07/03/2019,UH-60M,0920241,Rotorcraft,LTAG-LTAT-LTAG,PI,D,1,3.9,0.0,3.9,0.0,0.0,0.0,0.0,3.9,0.0,0.0,0.0,3.9,0.0,3.9,0.0,0.0,0.0,0.0,3.9,0.0,0.0,0.0,3.9,0,5,0,0,0,
07/07/2019,UH-60M,1220456,Rotorcraft,LTAG-LTAG,PI,D,1,3.5,0.0,3.5,0.0,0.0,0.0,0.0,3.5,0.0,0.0,0.0,3.5,0.0,3.5,0.0,0.0,0.0,0.0,3.5,0.0,0.0,0.0,3.5,0,5,0,0,0,
07/13/2019,UH-60M,1120429,Rotorcraft,LOCAL-LOCAL,PI,D,1,1.2,0.0,1.2,0.0,0.0,0.0,0.0,1.2,0.0,0.0,0.0,1.2,0.0,1.2,0.0,0.0,0.0,0.0,1.2,0.0,0.0,0.0,1.2,0,3,0,0,0,
07/24/2019,UH-60M,1120429,Rotorcraft,LTAG-LTAG,PI,D,1,3.6,0.0,1.6,0.0,0.0,2.0,0.0,3.6,0.0,0.0,0.0,3.6,0.0,3.6,0.0,2.0,0.0,0.0,3.6,0.0,0.0,0.0,3.6,0,2,0,1,0,
07/26/2019,UH-60M,1120429,Rotorcraft,LOCAL-LOCAL,PI,T,1,0.0,0.0,2.5,0.0,0.0,0.0,0.0,2.5,0.0,0.0,0.0,2.5,0.0,2.5,0.0,0.0,0.0,0.0,2.5,0.0,0.0,0.0,2.5,0,4,0,0,0,
07/27/2019,UH-60M,1120429,Rotorcraft,LTAG-LTAG,PI,D,1,3.2,0.0,3.2,0.0,0.0,0.0,0.0,3.2,0.0,0.0,0.0,3.2,0.0,3.2,0.0,0.0,0.0,0.0,3.2,0.0,0.0,0.0,3.2,0,3,0,0,0,
07/29/2019,UH-60M,1120429,Rotorcraft,LTAG-LTAG,PI,D,1,3.5,0.0,3.5,0.0,0.0,0.0,0.0,3.5,0.0,0.0,0.0,3.5,0.0,3.5,0.0,0.0,0.0,0.0,3.5,0.0,0.0,0.0,3.5,0,2,0,0,0,
07/30/2019,UH-60M,0920241,Rotorcraft,LTAG-LTAG,PI,D,1,4.3,0.0,3.3,0.0,0.0,0.0,0.0,4.3,0.0,0.0,0.0,4.3,0.0,4.3,0.0,0.0,1.0,0.0,4.3,0.0,0.0,0.0,4.3,0,2,0,0,0,
08/02/2019,UH-60M,0920241,Rotorcraft,LOCAL-LOCAL,PI,D,1,2.2,0.0,2.2,0.0,0.0,0.0,0.0,2.2,0.0,0.0,0.0,2.2,0.0,2.2,0.0,0.0,0.0,0.0,2.2,0.0,0.0,0.0,2.2,0,3,0,0,0,
08/05/2019,UH-60M,0920241,Rotorcraft,LTAG-LTAG,PI,D,1,2.3,0.0,2.3,0.0,0.0,0.0,0.0,2.3,0.0,0.0,0.0,2.3,0.0,2.3,0.0,0.0,0.0,0.0,2.3,0.0,0.0,0.0,2.3,0,4,0,0,0,
08/09/2019,UH-60M,0920241,Rotorcraft,LTAG-LTAG,PI,D,1,3.4,0.0,3.4,0.0,0.0,0.0,0.0,3.4,0.0,0.0,0.0,3.4,0.0,3.4,0.0,0.0,0.0,0.0,3.4,0.0,0.0,0.0,3.4,0,3,0,0,0,
08/12/2019,UH-60M,1120429,Rotorcraft,LTAG-LTAG,PI,D,1,3.2,0.0,1.2,0.0,0.0,2.0,0.0,3.2,0.0,0.0,0.0,3.2,0.0,3.2,0.0,2.0,0.0,0.0,3.2,0.0,0.0,0.0,3.2,0,2,0,1,0,
08/14/2019,UH-60M,0920241,Rotorcraft,LTAG-LTAT-LTAG,PI,D,1,3.2,0.0,3.2,0.0,0.0,0.0,0.0,3.2,0.0,0.0,0.0,3.2,0.0,3.2,0.0,0.0,0.0,0.0,3.2,0.0,0.0,0.0,3.2,0,3,0,0,0,
08/16/2019,UH-60M,1120429,Rotorcraft,LTAG-LTAG,PI,D,1,3.4,0.0,3.4,0.0,0.0,0.0,0.0,3.4,0.0,0.0,0.0,3.4,0.0,3.4,0.0,0.0,0.0,0.0,3.4,0.0,0.0,0.0,3.4,0,2,0,0,0,
08/19/2019,UH-60M,1120429,Rotorcraft,LTAG-LTAG,PI,D,1,2.1,0.0,2.1,0.0,0.0,0.0,0.0,2.1,0.0,0.0,0.0,2.1,0.0,2.1,0.0,0.0,0.0,0.0,2.1,0.0,0.0,0.0,2.1,0,3,0,0,0,
08/21/2019,UH-60M,1220456,Rotorcraft,LTAG-LTAG,PI,D,1,2.1,0.0,2.1,0.0,0.0,0.0,0.0,2.1,0.0,0.0,0.0,2.1,0.0,2.1,0.0,0.0,0.0,0.0,2.1,0.0,0.0,0.0,2.1,0,3,0,0,0,
08/22/2019,UH-60M,1120429,Rotorcraft,LTAG-LTAG,PI,D,1,3.5,0.0,1.5,0.0,0.0,2.0,0.0,3.5,0.0,0.0,0.0,3.5,0.0,3.5,0.0,2.0,0.0,0.0,3.5,0.0,0.0,0.0,3.5,0,2,0,1,0,
08/23/2019,UH-60M,0920241,Rotorcraft,LTAG-LTAG,PI,D,1,2.2,0.0,2.2,0.0,0.0,0.0,0.0,2.2,0.0,0.0,0.0,2.2,0.0,2.2,0.0,0.0,0.0,0.0,2.2,0.0,0.0,0.0,2.2,0,2,0,0,0,
08/27/2019,UH-60M,000,Simulator,"",PI,T,1,0.0,0.0,2.0,0.0,0.0,0.0,0.0,0.0,0.0,0.0,0.0,2.0,0.0,2.0,0.0,0.0,0.0,0.0,0.0,0.0,0.0,0.0,0.0,0,1,0,0,0,
08/28/2019,UH-60M,1120429,Rotorcraft,LTAG-LTAG,PI,D,1,3.7,0.0,3.7,0.0,0.0,0.0,0.0,3.7,0.0,0.0,0.0,3.7,0.0,3.7,0.0,0.0,0.0,0.0,3.7,0.0,0.0,0.0,3.7,0,3,0,0,0,
08/29/2019,UH-60M,1220456,Rotorcraft,LTAG-LTAG,PI,D,1,2.1,0.0,2.1,0.0,0.0,0.0,0.0,2.1,0.0,0.0,0.0,2.1,0.0,2.1,0.0,0.0,0.0,0.0,2.1,0.0,0.0,0.0,2.1,0,20,0,0,0,
08/30/2019,UH-60M,0920241,Rotorcraft,LTAG-LTAG,PI,D,1,3.8,0.0,3.8,0.0,0.0,0.0,0.0,3.8,0.0,0.0,0.0,3.8,0.0,3.8,0.0,0.0,0.0,0.0,3.8,0.0,0.0,0.0,3.8,0,2,0,0,0,
09/03/2019,UH-60M,1220456,Rotorcraft,LTAG-LTAG,PI,D,1,3.6,0.0,1.8,0.0,0.0,1.8,0.0,3.6,0.0,0.0,0.0,3.6,0.0,3.6,0.0,1.8,0.0,0.0,3.6,0.0,0.0,0.0,3.6,0,1,0,1,0,
09/04/2019,UH-60M,1220456,Rotorcraft,LTAG-LTAG,PI,D,1,3.7,0.0,3.7,0.0,0.0,0.0,0.0,3.7,0.0,0.0,0.0,3.7,0.0,3.7,0.0,0.0,0.0,0.0,3.7,0.0,0.0,0.0,3.7,0,2,0,0,0,
09/05/2019,UH-60M,0920241,Rotorcraft,LOCAL-LOCAL,PI,D,1,4.4,0.0,4.4,0.0,0.0,0.0,0.0,4.4,0.0,0.0,0.0,4.4,0.0,4.4,0.0,0.0,0.0,0.0,4.4,0.0,0.0,0.0,4.4,0,5,0,0,0,
09/06/2019,UH-60M,0920241,Rotorcraft,LTAG-LTAJ-LTAG,PI,D,1,3.7,0.0,3.7,0.0,0.0,0.0,0.0,3.7,0.0,0.0,0.0,3.7,0.0,3.7,0.0,0.0,0.0,0.0,3.7,0.0,0.0,0.0,3.7,0,4,0,0,0,
09/09/2019,UH-60M,0920241,Rotorcraft,LTAG-LTAG,PI,D,1,4.3,0.0,4.3,0.0,0.0,0.0,0.0,4.3,0.0,0.0,0.0,4.3,0.0,4.3,0.0,0.0,0.0,0.0,4.3,0.0,0.0,0.0,4.3,0,5,0,0,0,
09/10/2019,UH-60M,0920241,Rotorcraft,LTAG-LTAG,PI,D,1,3.0,0.0,3.0,0.0,0.0,0.0,0.0,3.0,0.0,0.0,0.0,3.0,0.0,3.0,0.0,0.0,0.0,0.0,3.0,0.0,0.0,0.0,3.0,0,6,0,0,0,
09/13/2019,UH-60M,0920241,Rotorcraft,LTAG-LTAG,PI,D,1,3.5,0.0,3.5,0.0,0.0,0.0,0.0,3.5,0.0,0.0,0.0,3.5,0.0,3.5,0.0,0.0,0.0,0.0,3.5,0.0,0.0,0.0,3.5,0,3,0,0,0,
09/16/2019,UH-60M,0920220,Rotorcraft,LTAG-LTAT-LTAG,PI,D,1,2.3,0.0,2.3,0.0,0.0,0.0,0.0,2.3,0.0,0.0,0.0,2.3,0.0,2.3,0.0,0.0,0.0,0.0,2.3,0.0,0.0,0.0,2.3,0,3,0,0,0,
09/17/2019,UH-60M,0920220,Rotorcraft,LTAG-LTAG,PI,D,1,3.4,0.0,3.4,0.0,0.0,0.0,0.0,3.4,0.0,0.0,0.0,3.4,0.0,3.4,0.0,0.0,0.0,0.0,3.4,0.0,0.0,0.0,3.4,0,2,0,0,0,
09/23/2019,UH-60M,1220456,Rotorcraft,LTAG-LTAG,PI,D,1,3.5,0.0,3.5,0.0,0.0,0.0,0.0,3.5,0.0,0.0,0.0,3.5,0.0,3.5,0.0,0.0,0.0,0.0,3.5,0.0,0.0,0.0,3.5,0,3,0,0,0,
09/26/2019,UH-60M,1220456,Rotorcraft,LTAG-LTAG,PI,D,1,3.7,0.0,3.7,0.0,0.0,0.0,0.0,3.7,0.0,0.0,0.0,3.7,0.0,3.7,0.0,0.0,0.0,0.0,3.7,0.0,0.0,0.0,3.7,0,2,0,0,0,
09/30/2019,UH-60M,1220456,Rotorcraft,LTAG-LTAG,PI,D,1,3.5,0.0,3.5,0.0,0.0,0.0,0.0,3.5,0.0,0.0,0.0,3.5,0.0,3.5,0.0,0.0,0.0,0.0,3.5,0.0,0.0,0.0,3.5,0,2,0,0,0,
10/04/2019,UH-60M,1220456,Rotorcraft,LTAG-LTAG,PI,D,1,3.7,0.0,1.9,0.0,0.0,1.8,0.0,3.7,0.0,0.0,0.0,3.7,0.0,3.7,0.0,1.8,0.0,0.0,3.7,0.0,0.0,0.0,3.7,0,6,0,1,0,
10/08/2019,UH-60M,0920220,Rotorcraft,LTAG-LTAG,PI,D,1,3.8,0.0,3.8,0.0,0.0,0.0,0.0,3.8,0.0,0.0,0.0,3.8,0.0,3.8,0.0,0.0,0.0,0.0,3.8,0.0,0.0,0.0,3.8,0,5,0,0,0,
04/22/2023,PA-28-161,N3289Q,"ASEL, Piston",2R4-2R4,,,0,0.0,0.0,0.0,0.0,0.0,0.0,1.6,0.0,0.0,0.0,0.0,1.6,0.0,1.6,0.0,0.0,0.0,0.0,0.0,0.0,0.0,0.0,0.0,4,4,0,0,0,T/O and landings 61.87(d) trainings. 
06/18/2023,R22 BETA II,N791SH,Rotorcraft,KPDK-KPDK,,,0,0.0,0.0,0.0,0.0,0.0,0.0,1.5,0.0,0.0,0.0,0.0,1.5,0.0,1.5,0.0,0.0,0.0,0.0,0.0,0.0,0.0,0.0,0.0,6,6,0,0,0,"XC, Pattern works, Normal and steep approaches, pirouettes, rapid decels, straight in autos, hovering."
06/20/2023,R44 RAVEN II,N914GH,Rotorcraft,KPDK-KPDK,,,0,0.0,0.0,0.0,0.0,0.0,0.0,0.7,0.0,0.0,0.0,0.0,0.7,0.0,0.7,0.0,0.0,0.0,0.0,0.0,0.0,0.0,0.0,0.0,2,2,0,0,0,"XC flight, pattern work. "
07/29/2023,PA-28-161,N80368,"ASEL, Piston",71J-71J,,,0,0.0,0.0,0.0,0.0,0.0,0.0,1.8,0.0,0.0,0.0,0.0,1.8,0.0,1.8,0.0,0.0,0.0,0.3,0.0,0.0,0.0,0.0,0.0,3,3,0,0,0,"Stalls, steep turns, slow flight, sim instrument, T/O landings."
08/05/2023,PA-28-161,N38290,"ASEL, Piston",71J-71J,,,0,0.0,0.0,0.0,0.0,0.0,0.0,2.0,0.0,0.0,0.0,0.0,2.0,0.0,2.0,0.0,0.0,0.0,0.3,0.0,0.0,0.0,0.0,0.0,3,3,0,0,0,"Stalls, steep turn, slow flight, sim instrument, T/O and landings."
08/12/2023,PA-28-161,N38290,"ASEL, Piston",71J-71J,,,0,0.0,0.0,0.0,0.0,0.0,0.0,1.6,0.0,0.0,0.0,0.0,1.6,0.0,1.6,0.0,0.0,0.0,0.3,0.0,0.0,0.0,0.0,0.0,5,5,0,0,0,"Stalls, steep turn, slow flight, TO and landings, slips. "
08/26/2023,PA-28-161,N81202,"ASEL, Piston",71J-71J,,,0,0.0,0.0,0.0,0.0,0.0,0.0,2.4,0.0,0.0,0.0,0.0,2.4,0.0,2.4,0.0,0.0,0.0,0.4,0.0,0.0,0.0,0.0,0.0,7,7,0,0,0,"Stalls, slow flight, steep turns, EPs, T/O and landings, go arounds, slips per 61.87(d) trainings. "
09/02/2023,PA-28-161,N81202,"ASEL, Piston",71J-71J,,,0,0.0,0.0,0.0,0.0,0.0,0.0,1.9,0.0,0.0,0.0,0.0,1.9,0.0,1.9,0.0,0.0,0.0,0.0,0.0,0.0,0.0,0.0,0.0,13,13,0,0,0,"T/O and landings, Go arounds, slips to land. "
09/09/2023,PA-28-161,N81202,"ASEL, Piston",71J-71J,,,0,0.0,0.0,0.0,0.0,0.0,0.0,2.3,0.0,0.0,0.0,0.0,2.3,0.0,2.3,0.0,0.0,0.0,0.4,0.0,0.0,0.0,0.0,0.0,7,7,0,0,0,"T/O and landings, slow flight, steep turns, stall 61.87(d) trainings."
09/16/2023,PA-28-161,N81202,"ASEL, Piston",71J-71J,,,0,0.0,0.0,0.0,0.0,0.0,0.0,1.7,0.0,0.0,0.0,0.0,1.7,0.0,1.7,0.0,0.0,0.0,0.3,0.0,0.0,0.0,0.0,0.0,7,7,0,0,0,"T/O and landings, ground ref maneuvers."
09/23/2023,PA-28-161,N36583,"ASEL, Piston",71J-71J,,,0,0.0,0.0,0.0,0.0,0.0,0.0,1.7,0.0,0.0,0.0,0.0,1.7,0.0,1.7,0.0,0.0,0.0,0.3,0.0,0.0,0.0,0.0,0.0,8,8,0,0,0,"Sim instrument, slow flight, T/O and landings, slips. "
11/18/2023,PA-28-161,N91632,"ASEL, Piston",71J-71J,,,0,0.0,0.0,0.0,0.0,0.0,0.0,1.6,0.0,0.0,0.0,0.0,1.6,0.0,1.6,0.0,0.0,0.0,0.0,0.0,0.0,0.0,0.0,0.0,6,6,0,0,0,61.87(d) solo trainings. 
12/30/2023,PA-28-161,N8223T,"ASEL, Piston",71J-71J,,,0,0.0,0.0,0.0,0.0,0.0,0.0,2.0,0.0,0.0,0.0,0.0,2.0,0.0,2.0,0.0,0.0,0.0,0.0,0.0,0.0,0.0,0.0,0.0,7,7,0,0,0,"T/O and landings, slow flight, stalls, steep turns. "
01/13/2024,PA-28-161,N47882,"ASEL, Piston",71J-71J,,,0,0.0,0.0,0.0,0.0,0.0,0.0,1.6,0.0,0.5,0.0,0.0,2.1,0.0,2.1,0.5,0.0,0.0,0.0,0.0,0.0,0.0,0.0,0.0,9,9,0,0,0,"T/O, landings, solo flight 3 T/Os and landings. "
01/20/2024,PA-28-161,N47882,"ASEL, Piston",71J-71J,,,0,0.0,0.0,0.0,0.0,0.0,0.0,2.1,0.0,0.0,0.0,0.0,2.1,0.0,2.1,0.0,0.0,0.0,0.0,0.0,0.0,0.0,0.0,0.0,2,2,0,0,0,61.107 and 61.109 flight trainings. 
02/03/2024,PA-28-161,N47882,"ASEL, Piston",71J-KECP-71J,,,0,0.0,0.0,0.0,0.0,0.0,0.0,2.1,0.0,0.0,0.0,0.0,2.1,0.0,2.1,0.0,0.0,0.0,0.7,0.0,0.0,0.0,0.0,0.0,2,2,0,0,0,"61.109 XC training, dead reckoning, radial interception nd tracking. "
02/24/2024,PA-28-161,N8345Z,"ASEL, Piston",71J-KECP-71J,,,0,0.0,0.0,0.0,0.0,0.0,0.0,1.8,0.0,0.0,0.0,0.0,1.8,0.0,1.8,0.0,0.0,0.0,0.8,0.0,0.0,0.0,0.0,0.0,3,3,0,0,0,XC flight training. 
04/06/2024,PA-28-161,N5697V,"ASEL, Piston",71J-KDTS-KCEW-71J,,,0,0.0,0.0,0.0,0.0,0.0,0.0,2.4,0.0,0.0,0.0,0.0,2.4,0.0,2.4,0.0,0.0,0.0,0.5,0.0,0.0,0.0,0.0,0.0,3,3,0,0,0,XC flight trainings. 
06/08/2024,PA-28-161,N9002F,"ASEL, Piston",71J-KDTS-KECP-71J,,,0,0.0,0.0,0.0,0.0,0.0,0.0,2.6,0.0,0.0,0.0,0.0,2.6,0.0,2.6,0.0,0.3,0.0,0.6,0.0,0.0,0.0,0.0,0.0,3,3,0,0,0,XC flight training.
